DELETE FROM role_permissions;

DELETE FROM permissions;

DELETE FROM user_roles WHERE role_id != '00000000-0000-0000-0000-000000000002';

INSERT INTO permissions (id, resource, action, scope, description) VALUES
    ('10000000-0000-0000-0000-000000000001', 'profile', 'read', 'own', 'Read own profile'),
    ('10000000-0000-0000-0000-000000000002', 'profile', 'update', 'own', 'Update own profile'),
    ('10000000-0000-0000-0000-000000000003', 'profile', 'read', 'all', 'Read any profile'),
    ('10000000-0000-0000-0000-000000000004', 'profile', 'update', 'all', 'Update any profile'),
    ('10000000-0000-0000-0000-000000000005', 'profile', 'delete', 'all', 'Delete any profile');

INSERT INTO permissions (id, resource, action, scope, description) VALUES
    ('10000000-0000-0000-0000-000000000011', 'user', 'read', 'all', 'List all users'),
    ('10000000-0000-0000-0000-000000000012', 'user', 'create', 'all', 'Create new users'),
    ('10000000-0000-0000-0000-000000000013', 'user', 'update', 'all', 'Update any user'),
    ('10000000-0000-0000-0000-000000000014', 'user', 'delete', 'all', 'Delete any user'),
    ('10000000-0000-0000-0000-000000000015', 'user', 'assign_role', 'all', 'Assign roles to users'),
    ('10000000-0000-0000-0000-000000000016', 'user', 'revoke_role', 'all', 'Revoke roles from users');

INSERT INTO permissions (id, resource, action, scope, description) VALUES
    ('10000000-0000-0000-0000-000000000021', 'task', 'create', 'own', 'Create own tasks'),
    ('10000000-0000-0000-0000-000000000022', 'task', 'read', 'own', 'Read own tasks'),
    ('10000000-0000-0000-0000-000000000023', 'task', 'update', 'own', 'Update own tasks'),
    ('10000000-0000-0000-0000-000000000024', 'task', 'delete', 'own', 'Delete own tasks'),
    ('10000000-0000-0000-0000-000000000025', 'task', 'read', 'all', 'Read all tasks'),
    ('10000000-0000-0000-0000-000000000026', 'task', 'update', 'all', 'Update any task'),
    ('10000000-0000-0000-0000-000000000027', 'task', 'delete', 'all', 'Delete any task'),
    ('10000000-0000-0000-0000-000000000028', 'task', 'assign', 'all', 'Assign tasks to users'),
    ('10000000-0000-0000-0000-000000000029', 'task', 'read', 'department', 'Read department tasks');

INSERT INTO permissions (id, resource, action, scope, description) VALUES
    ('10000000-0000-0000-0000-000000000031', 'system', 'admin', 'all', 'Full system administration'),
    ('10000000-0000-0000-0000-000000000032', 'audit', 'read', 'all', 'Read audit logs'),
    ('10000000-0000-0000-0000-000000000033', 'role', 'manage', 'all', 'Manage roles and permissions');

INSERT INTO role_permissions (role_id, permission_id, granted_by) VALUES

    ('00000000-0000-0000-0000-000000000001', '10000000-0000-0000-0000-000000000001', '00000000-0000-0000-0000-000000000010'), 
    ('00000000-0000-0000-0000-000000000001', '10000000-0000-0000-0000-000000000002', '00000000-0000-0000-0000-000000000010'), 

    ('00000000-0000-0000-0000-000000000001', '10000000-0000-0000-0000-000000000021', '00000000-0000-0000-0000-000000000010'), 
    ('00000000-0000-0000-0000-000000000001', '10000000-0000-0000-0000-000000000022', '00000000-0000-0000-0000-000000000010'), 
    ('00000000-0000-0000-0000-000000000001', '10000000-0000-0000-0000-000000000023', '00000000-0000-0000-0000-000000000010'), 
    ('00000000-0000-0000-0000-000000000001', '10000000-0000-0000-0000-000000000024', '00000000-0000-0000-0000-000000000010'); 

INSERT INTO role_permissions (role_id, permission_id, granted_by) VALUES

    ('00000000-0000-0000-0000-000000000002', '10000000-0000-0000-0000-000000000001', '00000000-0000-0000-0000-000000000010'), 
    ('00000000-0000-0000-0000-000000000002', '10000000-0000-0000-0000-000000000002', '00000000-0000-0000-0000-000000000010'), 
    ('00000000-0000-0000-0000-000000000002', '10000000-0000-0000-0000-000000000003', '00000000-0000-0000-0000-000000000010'), 
    ('00000000-0000-0000-0000-000000000002', '10000000-0000-0000-0000-000000000004', '00000000-0000-0000-0000-000000000010'), 
    ('00000000-0000-0000-0000-000000000002', '10000000-0000-0000-0000-000000000005', '00000000-0000-0000-0000-000000000010'), 

    ('00000000-0000-0000-0000-000000000002', '10000000-0000-0000-0000-000000000011', '00000000-0000-0000-0000-000000000010'), 
    ('00000000-0000-0000-0000-000000000002', '10000000-0000-0000-0000-000000000012', '00000000-0000-0000-0000-000000000010'), 
    ('00000000-0000-0000-0000-000000000002', '10000000-0000-0000-0000-000000000013', '00000000-0000-0000-0000-000000000010'), 
    ('00000000-0000-0000-0000-000000000002', '10000000-0000-0000-0000-000000000014', '00000000-0000-0000-0000-000000000010'), 
    ('00000000-0000-0000-0000-000000000002', '10000000-0000-0000-0000-000000000015', '00000000-0000-0000-0000-000000000010'), 
    ('00000000-0000-0000-0000-000000000002', '10000000-0000-0000-0000-000000000016', '00000000-0000-0000-0000-000000000010'), 
    
    ('00000000-0000-0000-0000-000000000002', '10000000-0000-0000-0000-000000000021', '00000000-0000-0000-0000-000000000010'), 
    ('00000000-0000-0000-0000-000000000002', '10000000-0000-0000-0000-000000000022', '00000000-0000-0000-0000-000000000010'), 
    ('00000000-0000-0000-0000-000000000002', '10000000-0000-0000-0000-000000000023', '00000000-0000-0000-0000-000000000010'), 
    ('00000000-0000-0000-0000-000000000002', '10000000-0000-0000-0000-000000000024', '00000000-0000-0000-0000-000000000010'), 
    ('00000000-0000-0000-0000-000000000002', '10000000-0000-0000-0000-000000000025', '00000000-0000-0000-0000-000000000010'), 
    ('00000000-0000-0000-0000-000000000002', '10000000-0000-0000-0000-000000000026', '00000000-0000-0000-0000-000000000010'), 
    ('00000000-0000-0000-0000-000000000002', '10000000-0000-0000-0000-000000000027', '00000000-0000-0000-0000-000000000010'), 
    ('00000000-0000-0000-0000-000000000002', '10000000-0000-0000-0000-000000000028', '00000000-0000-0000-0000-000000000010'), 
    ('00000000-0000-0000-0000-000000000002', '10000000-0000-0000-0000-000000000029', '00000000-0000-0000-0000-000000000010'), 
    
    ('00000000-0000-0000-0000-000000000002', '10000000-0000-0000-0000-000000000031', '00000000-0000-0000-0000-000000000010'), 
    ('00000000-0000-0000-0000-000000000002', '10000000-0000-0000-0000-000000000032', '00000000-0000-0000-0000-000000000010'), 
    ('00000000-0000-0000-0000-000000000002', '10000000-0000-0000-0000-000000000033', '00000000-0000-0000-0000-000000000010'); 

INSERT INTO users (id, username, email, password, first_name, last_name, department, position, is_active) VALUES
    ('20000000-0000-0000-0000-000000000001', 'john_user', 'john@example.com', '$2a$10$placeholder_hash', 'John', 'Doe', 'Engineering', 'Developer', TRUE);

INSERT INTO user_roles (user_id, role_id, assigned_by) VALUES
    ('20000000-0000-0000-0000-000000000001', '00000000-0000-0000-0000-000000000001', '00000000-0000-0000-0000-000000000010');

INSERT INTO user_attributes (user_id, key, value, data_type) VALUES
    ('20000000-0000-0000-0000-000000000001', 'department', 'Engineering', 'string'),
    ('20000000-0000-0000-0000-000000000001', 'clearance_level', '2', 'number'),
    ('20000000-0000-0000-0000-000000000001', 'location', 'US-West', 'string'),
    ('00000000-0000-0000-0000-000000000010', 'department', 'Administration', 'string'),
    ('00000000-0000-0000-0000-000000000010', 'clearance_level', '5', 'number'),
    ('00000000-0000-0000-0000-000000000010', 'location', 'US-East', 'string');